Week,Date,Day of week,Steps,Calories,Case Count,Route,Notes,Over 15k steps,15K Tracker,Unique Routes,,Day,Total Of Steps,Total Of Calories,Total Of Cases,,,Link to thoughts: https://docs.google.com/document/d/19rVFKGtPCzes56na0cDBVzPQkA9FY6kIp-fQiBn2pYU/edit?usp=sharing
Week 1,2026-06-15,Monday,14864,2381,467,4661,,Walk More,13,,,Monday,102270,15866,5513,,,
Week 1,2026-06-16,Tuesday,7988,1197,1062,4321,1 Stop,Walk More,,,,Tuesday,102905,14320,5906,,,
Week 1,2026-06-17,Wednesday,16755,1994,914,4321,,Over 15K,,,,Wednesday,108251,16595,5407,,,
Week 1,2026-06-18,Thursday,9482,1600,449,4321,,Walk More,,,,Thursday,71446,12435,3969,,,
Week 1,2026-06-19,Friday,17027,2027,927,4321,,Over 15K,,,,Friday,136933,19296,7506,,,
Week 2,2026-06-22,Monday,11029,1631,575,4321,,Walk More,,,,Totals,521805,78512,28301,,,
Week 2,2026-06-23,Tuesday,13869,1727,524,4321,,Walk More,,,,,,,,,,
Week 2,2026-06-24,Wednesday,15128,2491,613,4321,,Over 15K,,,,,,,,,,
Week 2,2026-06-25,Thursday,7555,1250,1062,4660,1 stop,Walk More,,,,,,,,,,
Week 2,2026-06-26,Friday,18631,2486,920,4321,,Over 15K,,,,,,,,,,
Week 3,2026-06-29,Monday,10789,1522,826,4670,,Walk More,,,,,,,,,,
Week 3,2026-06-30,Tuesday,16616,2021,656,4671,,Over 15K,,,,,,,,,,
Week 3,2026-07-01,Wednesday,12317,1615,637,4321,,Walk More,,,,,,,,,,
Week 3,2026-07-02,Thursday,8327,1367,66,0,Got Pallets,Walk More,,,,,,,,,,
Week 3,2026-07-03,Friday,19848,2668,966,4321,,Over 15K,,,,,,,,,,
Week 4,2026-07-06,Monday,11954,2387,552,4321,,Walk More,,,,,,,,,,
Week 4,2026-07-07,Tuesday,10447,1674,702,4321,,Walk More,,,,,,,,,,
Week 4,2026-07-08,Wednesday,13283,1793,722,4321,,Walk More,,,,,,,,,,
Week 4,2026-07-09,Thursday,6103,1937,45,0,Got Pallets,Walk More,,,,,,,,,,
Week 4,2026-07-10,Friday,17297,2572,856,4321,,Over 15K,,,,,,,,,,
Week 5,2026-07-13,Monday,12172,1748,712,4320,,Walk More,,,,,,,,,,
Week 5,2026-07-14,Tuesday,9375,1520,438,4321,,Walk More,,,,,,,,,,
Week 5,2026-07-15,Wednesday,12509,2330,562,4321,,Walk More,,,,,,,,,,
Week 5,2026-07-16,Thursday,12694,1882,704,4321,Chase Route,Walk More,,,,,,,,,,
Week 5,2026-07-17,Friday,15624,2010,886,4321,,Over 15K,,,,,,,,,,
Week 6,2026-07-20,Monday,15906,2553,901,4323,,Over 15K,,,,,,,,,,
Week 6,2026-07-21,Tuesday,11104,1545,874,4321,,Walk More,,,,,,,,,,
Week 6,2026-07-22,Wednesday,12232,2216,567,4321,,Over 15K,,,,,,,,,,
Week 6,2026-07-23,Thursday,0,0,0,0,,Walk More,,,,,,,,,,
Week 6,2026-07-24,Friday,16709,2597,946,4321,,Over 15K,,,,,,,,,,
Week 7,2026-07-27,Monday,9997,1261,437,4321,,Walk More,,,,,,,,,,
Week 7,2026-07-28,Tuesday,19499,2700,948,4321,,Over 15K,,,,,,,,,,
Week 7,2026-07-29,Wednesday,12983,1736,767,4321,,Walk More,,,,,,,,,,
Week 7,2026-07-30,Thursday,13884,1945,778,4321,,Walk More,,,,,,,,,,
Week 7,2026-07-31,Friday,18380,2498,1001,4321,,Over 15K,,,,,,,,,,
Week 8,2026-08-03,Monday,15559,2383,1043,4430,,Over 15K,,,,,,,,,,
Week 8,2026-08-04,Tuesday,14007,1936,702,4321,,Walk More,,,,,,,,,,
Week 8,2026-08-05,Wednesday,13044,2420,625,4231,,Walk More,,,,,,,,,,
Week 8,2026-08-06,Thursday,13401,2454,865,4321,,Walk More,,,,,,,,,,
Week 8,2026-08-07,Friday,13417,2438,1004,4321,Chase Rode ,Walk More,,,,,,,,,,