Week,Date,Day of week,Steps,Calories,Case Count,Route,Miles,Stop Count,Hours Worked,Notes,Over 15k steps,15K Tracker,Unique Routes,,Day,Total Of Steps,Total Of Calories,Total Of Cases,Stops Per Day,Hours Per Day,Link to thoughts: https://docs.google.com/document/d/19rVFKGtPCzes56na0cDBVzPQkA9FY6kIp-fQiBn2pYU/edit?usp=sharing
Week 9,2026-08-10,Monday,9500,2144,0,0,65,0,6.45,Back Haul,Walk More,12,,,Monday,100565,17666,4336,7.625,8.58125,
Week 9,2026-08-11,Tuesday,14503,2427,775,4321,99,9,11.17,,Walk More,,,,Tuesday,103822,17310,5676,9.875,9.6075,
Week 9,2026-08-12,Wednesday,16383,2077,883,4321,76,18,12.43,,Over 15K,,,,Wednesday,126002,19079,6393,16.875,11.40875,
Week 9,2026-08-13,Thursday,13763,2477,863,4321,87,11,9.38,,Walk More,,,,Thursday,87527,15540,5438,9.5,8.2075,
Week 9,2026-08-14,Friday,14897,2006,687,4321,64,15,13.52,,Walk More,,,,Friday,129362,18816,5850,16,11.28375,
Week 10,2026-08-17,Monday,12345,2305,561,4321,131,11,9.53,,Walk More,,,,Totals/Average,547278,88411,27693,11.98,9.82,
Week 10,2026-08-18,Tuesday,10509,2254,572,4321,87,11,8.45,,Walk More,,,,,,,,,,
Week 10,2026-08-19,Wednesday,11404,2311,682,4321,72,12,8.72,,Walk More,,,,,,,,,,
Week 10,2026-08-20,Thursday,12977,2330,777,4321,92,12,9.9,,Walk More,,,,,,,,,,
Week 10,2026-08-21,Friday,12530,2220,569,4321,52,15,8.13,,Walk More,,,,,,,,,,
Week 11,2026-08-24,Monday,15045,2435,604,4321,93,8,7.78,,Walk More,,,,,,,,,,
Week 11,2026-08-25,Tuesday,14294,2413,813,4321,112,11,11.22,,Walk More,,,,,,,,,,
Week 11,2026-08-26,Wednesday,15683,2186,746,4321,77,17,12.12,,Walk More,,,,,,,,,,
Week 11,2026-08-27,Thursday,0,0,0,0,0,0,0,,Walk More,,,,,,,,,,
Week 11,2026-08-28,Friday,17312,2586,812,4321,70,18,11.7,,Walk More,,,,,,,,,,
Week 12,2026-08-31,Monday,14212,2408,670,4321,59,10,9.47,,Walk More,,,,,,,,,,
Week 12,2026-09-01,Tuesday,15232,2391,768,4321,100,11,9.88,,Walk More,,,,,,,,,,
Week 12,2026-09-02,Wednesday,18497,2621,891,4321,79,19,12.57,,Walk More,,,,,,,,,,
Week 12,2026-09-03,Thursday,13356,2319,768,4321,88,11,9.68,,Walk More,,,,,,,,,,
Week 12,2026-09-04,Friday,18869,2617,823,4321,67,18,12.72,,Over 15K,,,,,,,,,,
Week 13,2026-09-07,Monday,11398,1532,536,4321,108,8,8.55,,Walk More,,,,,,,,,,
Week 13,2026-09-08,Tuesday,12322,1562,767,4321,101,10,9.52,,Walk More,,,,,,,,,,
Week 13,2026-09-09,Wednesday,20317,2569,1139,4321,62,20,13.87,,Walk More,,,,,,,,,,
Week 13,2026-09-10,Thursday,11442,1599,666,4321,102,10,10.32,,Walk More,,,,,,,,,,
Week 13,2026-09-11,Friday,16022,2336,711,4321,62,16,11.55,,Over 15K,,,,,,,,,,
Week 14,2026-09-14,Monday,11622,2222,559,4321,101,8,8.32,,Over 15K,,,,,,,,,,
Week 14,2026-09-15,Tuesday,12864,1674,711,4321,101,9,9.25,,Walk More,,,,,,,,,,
Week 14,2026-09-16,Wednesday,14921,2476,752,4321,77,18,10.83,,Over 15K,,,,,,,,,,
Week 14,2026-09-17,Thursday,12571,2304,810,4321,95,11,9.42,,Walk More,,,,,,,,,,
Week 14,2026-09-18,Friday,19201,2660,756,4321,67,17,11.95,,Over 15K,,,,,,,,,,
Week 15,2026-09-21,Monday,13232,2323,669,4321,102,8,8.72,,Walk More,,,,,,,,,,
Week 15,2026-09-22,Tuesday,11441,2231,678,4321,90,9,8.52,,Over 15K,,,,,,,,,,
Week 15,2026-09-23,Wednesday,15059,2439,652,4321,69,17,10.5,,Walk More,,,,,,,,,,
Week 15,2026-09-24,Thursday,13490,2331,896,4321,90,11,9.33,,Walk More,,,,,,,,,,
Week 15,2026-09-25,Friday,16778,2583,733,4321,66,15,10.15,,Over 15K,,,,,,,,,,
Week 16,2026-09-28,Monday,13211,2297,737,4321,101,8,9.83,,Over 15K,,,,,,,,,,
Week 16,2026-09-29,Tuesday,12657,2358,592,4321,109,9,8.85,,Walk More,,,,,,,,,,
Week 16,2026-09-30,Wednesday,13738,2400,648,4321,69,14,10.23,,Walk More,,,,,,,,,,
Week 16,2026-10-01,Thursday,9928,2180,658,4321,87,10,7.63,,Walk More,,,,,,,,,,
Week 16,2026-10-02,Friday,13753,1808,759,4321,65,14,10.55,,Walk More,,,,,,,,,,